{
  "s5": 0.0071358903869477765,
  "s6": 0.052705945387393836,
  "s7": 0.06404123792383395,
  "s1": -0.021215293244389536,
  "s2": 0.08621199247814872,
  "s3": 0.013997936229144041,
  "s4": 0.08119947865540245
}