{
  "s1": 0.29788435823716136,
  "s3": -0.16281202212385426,
  "s4": -0.1625932054584393,
  "s7": -0.04931133005422241,
  "s2": -0.23654733600014666,
  "s8": 0.0,
  "s5": 0.0
}